#,Date,P&I,Principal,Interest,Balance
001,07/01/2024,"$4,865.10",$601.20,"$4,263.90","$731,398.80"
002,08/01/2024,"$4,865.10",$604.70,"$4,260.40","$730,794.10"
003,08/01/2024,"$4,865.10",$608.22,"$4,256.88","$730,185.88"
004,09/01/2024,"$4,865.10",$611.77,"$4,253.33","$729,574.11"
005,10/01/2024,"$4,865.10",$615.33,"$4,249.77","$728,958.78"
006,11/01/2024,"$4,865.10",$618.92,"$4,246.18","$728,339.86"
007,12/01/2024,"$4,865.10",$622.52,"$4,242.58","$727,717.34"
008,01/01/2025,"$4,865.10",$626.15,"$4,238.95","$727,091.19"
009,02/01/2025,"$4,865.10",$629.79,"$4,235.31","$726,461.40"
010,03/01/2025,"$4,865.10",$633.46,"$4,231.64","$725,827.94"
011,04/01/2025,"$4,865.10",$637.15,"$4,227.95","$725,190.79"
012,05/01/2025,"$4,865.10",$640.86,"$4,224.24","$724,549.93"
013,06/01/2025,"$4,865.10",$644.60,"$4,220.50","$723,905.33"
014,07/01/2025,"$4,865.10",$648.35,"$4,216.75","$723,256.98"
015,08/01/2025,"$4,865.10",$652.13,"$4,212.97","$722,604.85"
016,09/01/2025,"$4,865.10",$655.93,"$4,209.17","$721,948.92"
017,10/01/2025,"$4,865.10",$659.75,"$4,205.35","$721,289.17"
018,11/01/2025,"$4,865.10",$663.59,"$4,201.51","$720,625.58"
019,12/01/2025,"$4,865.10",$667.46,"$4,197.64","$719,958.12"
020,01/01/2026,"$4,865.10",$671.34,"$4,193.76","$719,286.78"
021,02/01/2026,"$4,865.10",$675.25,"$4,189.85","$718,611.53"
022,03/01/2026,"$4,865.10",$679.19,"$4,185.91","$717,932.34"
023,04/01/2026,"$4,865.10",$683.14,"$4,181.96","$717,249.20"
024,05/01/2026,"$4,865.10",$687.12,"$4,177.98","$716,562.08"
025,06/01/2026,"$4,865.10",$691.13,"$4,173.97","$715,870.95"
026,07/01/2026,"$4,865.10",$695.15,"$4,169.95","$715,175.80"
027,07/10/2026,"$700.00",$700.00,"$0.00","$714,475.80"